INSERT INTO [products] VALUES (N'Giày da unisex nam nữ The Focus Combat Chunky Boots August chính hãng bảo hành 24 tháng',725000,1450000,N'Chất liệu da: Da bò mộc/
Chất liệu đế giày: Cao Su Cao Cấp/
Lót Trong: Da cừu, vải canvas/
Size: 36->44'),
	(N'Giày da unisex nam nữ The Focus Chunky Chelsea Boots',435000,1450000,N'Chất liệu da: Da bò mộc/
Chất liệu đế giày: Cao Su Cao Cấp/
Lót Trong: Da cừu, vải canvas /
Size: 36->44'),
	(N'Chelsea boot Classic Ss2022',345000,1150000,N'Chất liệu da (upper): Da bò tấm/
Lót trong: Da cừu, vải canvas cao cấp/
 Đế: gỗ nhập khẩu/
Màu: Đen /
Size: 38 – 43 /
Độ cao gót: 3cm'),
	(N'August Classic Zipboot Ss2022',345000,1150000,N'Chất liệu da (upper): Da bò tấm /
Lót trong: Da cừu, vải canvas cao cấp/
Đế: gỗ nhập khẩu/
Màu: Đen/
Size: 38 – 43/
Mẫu giày Zip boots thiết kế tại August với sự lịch lãm trẻ trung trên nền đế của các dòng giày tây, phối hợp với …'),
	(N'The Hercules Chunky Combat boots',435000,1450000,N'Chất liệu: Da bò nhập khẩu 100%/
Đế giày: Cao su đặc đúc nguyên khối cao cấp/
Lót trong: Da bò mịn/
Chiều cao đế: 4,5 cm'),
	(N'Chelsea boot Tan',495000,1650000,N'Chất liệu da: Da bò nhập khẩu /
Chất liệu đế giày: Đế cao su cao cấp gót gỗ/
Lót Trong: Da bò /
Độ cao gót: 5 cm'),
	(N'Zipboot Black Ss2023',585000,1950000,N'Màu sắc: Đen /
Chất liệu da: Da bò nhập khẩu /
Chất liệu đế giày: Đế fip /
Lót Trong: Da bò /
Độ cao gót: 5 cm'),
	(N'Chelsea boots Black',1155000,1650000,N'Màu sắc: Đen /
Chất liệu da: Da bò nhập khẩu /
Chất liệu đế giày: Đế cao su cao cấp gót gỗ /
Lót Trong: Da bò /
Độ cao gót: 5 cm'),
	(N'Chelsea boot Tobacco',1155000,1650000,N'Chất liệu da: Da bò nhập khẩu /
Chất liệu đế giày: Đế cao su cao cấp gót gỗ /
Lót Trong: Da bò /
Độ cao gót: 5 cm'),
	(N'Harness boot Tobacco',1505000,2150000,N'Chất liệu da: Da bò nhập khẩu /
Chất liệu đế giày: Đế cao su cao cấp gót gỗ /
Lót Trong: Da bò /
Độ cao gót: 5 cm'),
	(N'Harness boot Black with Silver chain',1505000,2150000,N'Màu sắc: Đen /
Chất liệu da: Da bò nhập khẩu /
Chất liệu đế giày: Đế cao su cao cấp gót gỗ /
Lót Trong: Da bò /
Độ cao gót: 5 cm'),
	(N'Harness boot Black',1505000,2150000,N'Màu sắc: Đen /
Chất liệu da: Da bò nhập khẩu /
Chất liệu đế giày: Đế cao su cao cấp gót gỗ /
Lót Trong: Da bò /
Độ cao gót: 5 cm'),
	(N'Chelsea boot Tobacco',805000,1150000,N'Chất liệu da (upper): Da bò lộn/
Lót trong: Da cừu, vải canvas cao cấp/
Đế: gỗ nhập khẩu/
Màu: Đen /
Độ cao gót: 3cm'),
	(N'Ankle High Boot',1015000,1450000,N'Chất liệu da: Da bò Nappa /
Lót trong: Da cừu /
Đế: Cao su cao cấp, gót gỗ /
Chiều cao gót: 3.5cm'),
	(N'Chelsea boots mũi tròn',805000,1150000,N'Chất liệu da (upper): Da bò tấm/
Lót trong: Da cừu, vải canvas cao cấp/
Đế: gỗ nhập khẩu/
Màu: Đen/
Size: 38 – 44'),
	(N'Chelsea boot Black suede',632500,1150000,N'Chất liệu da (upper): Da bò lộn
Lót trong: Da cừu, vải canvas cao cấp
Đế: gỗ nhập khẩu 
Màu: Đen
Size: 38 – 43'),
	(N'Chelsea boot in Tan',632500,1150000,N'Chất liệu da (upper): Da bò lộn/
Lót trong: Da cừu, vải canvas cao cấp /
Đế: gỗ nhập khẩu/
Màu: Đen/
Size: 38 – 43'),
	(N'Giày da unisex nam nữ The Focus Chunky Derby August chính hãng bảo hành 24 tháng',742500,1350000,N'Chất liệu da: Da bò mộc /
Chất liệu đế giày: Cao Su Cao Cấp /
Lót Trong: Da cừu, vải canvas /
Size: 36->44'),
	(N'Giày da unisex nam nữ The Focus Special Chunky Derby August chính hãng bảo hành 24 tháng',742500,1350000,N'Chất liệu da: Da bò mộc /
Chất liệu đế giày: Cao Su Cao Cấp /
Lót Trong: Da cừu, vải canvas /
Size: 36->44'),
	(N'Giày da unisex nam nữ The Hawk Chunky Loafer August chính hãng bảo hành 24 tháng',742500,1350000,N'Chất liệu da: Da bò mộc /
Chất liệu đế giày: Cao Su Cao Cấp /
Lót Trong: Da cừu, vải canvas /
Size: 36->44'),
	(N'Chunky Derby Black August',742500,1350000,N'Đế: Chunky 45 mm cao su đặc nguyên khối/
Bề mặt: Da bò Nappa nhập khẩu/
Lót trong: Da bò mịn'),
	(N'Chunky Derby Off-White August',742500,1350000,N'Đế: Chunky 45 mm cao su đặc nguyên khối/
Bề mặt: Da bò Nappa nhập khẩu/
Lót trong: Da bò mịn'),
	(N'Penny Loafer with Chains đế Chunky CK03X',742500,1350000,N'Đế: Chunky 45 mm cao su đặc nguyên khối/
Bề mặt: Da bò Nappa nhập khẩu/
Lót trong: Da bò mịn'),
	(N'The Juno Chunky Derby August',742500,1350000,N'Đế: Chunky 45mm cao su đặc nguyên khối/
Bề mặt: Da bò Nappa nhập khẩu/
Lót trong: Da bò mịn'),
	(N'The Ironic Chunky Derby.',742500,1350000,N'Đế: Cao su đặc đúc nguyên khối siêu đầm chân/
Bề mặt da: Nappa nhập khẩu/
Lót trong: Da bò mịn'),
	(N'Wingtip Brogue Off-white',770500,1150000,N'Chất liệu da: Da bò Nappa Lót trong/
Da cừu Đế: Cao su cao cấp, gót gỗ'),
	(N'Wingtip Brogue Black',770500,1150000,N'Chất liệu da: Da bò Nappa /
Lót trong: Da cừu /
Đế: Cao su cao cấp, gót gỗ'),
	(N'AGPM1',770500,1150000,N'Upper: Da bò tấm Nappa /
Sole: Cao su gót gỗ /
Midsole: Da cừu/
Độ cao gót: 3.5cm'),
	(N'Giày da unisex nam nữ The Focus Basic Chunky Penny Loafer August',904500,1350000,N'Chất liệu da: Da bò mộc /
Chất liệu đế giày: Cao Su Cao Cấp /
Lót Trong: Da cừu, vải canvas /
Size: 36->44'),
	(N'Giày da bò nhập khẩu The Focus Off-White Chunky Loafer August',904500,1350000,N'Chất liệu da: Da bò mộc/
Chất liệu đế giày: Cao Su Cao Cấp /
Lót Trong: Da cừu, vải canvas /
Size: 36->44'),
	(N'Giày da unisex nam nữ The Focus Black Chunky Loafer August chính hãng bảo hành 24 tháng',904500,1350000,N'Chất liệu da: Da bò mộc /
Chất liệu đế giày: Cao Su Cao Cấp/
Lót Trong: Da cừu, vải canvas /
Size: 36->44'),
	(N'The Eros Chunky Penny Loafer',904500,1350000,N'Đế: Cao su đặc đúc nguyên khối siêu đầm chân/
Bề mặt da: Nappa nhập khẩu/
Lót trong: Da bò mịn'),
	(N'Penny Loafer Black Leather',770500,1150000,N'Chất liệu da: Da bò Nappa /
Lót trong: Da cừu /
Đế: Cao su cao cấp, gót gỗ'),
	(N'Penny Loafer Off-White',770500,1150000,N'Chất liệu da: Da bò Nappa /
Lót trong: Da cừu /
Đế: Cao su cao cấp, gót gỗ'),
	(N'THE LADY WOLF R&E MULE SANDAL - BLACK',675000,1350000,N'Màu sắc: đen láng. /
Chất liệu da: da bò nhập khẩu. /
Lót trong: vải canvas cao cấp. /
Đế giữa: PU cao cấp được thiết kế độc quyền bởi THEWOLF. /
Đế dưới: chất liệu IP có độ đàn hồi cao, được thiết kế độc quyền bởi THEWOLF. /
Độ cao đế: 5.5cm. /
Logo W Signature được may da thủ công trên quai giày. /
Bộ khuôn đế được thiết kế và sản xuất theo thiết kế độc quyền của THEWOLF. /
Sản phẩm được THIẾT KẾ VÀ GIA CÔNG BỞI NGƯỜI VIỆT NAM.'),
	(N'T_x001D_HE LADY WOLF R&E DERBY 4 EYELET - BLACK',900000,1800000,N'Màu sắc: Đen láng. /
Chất liệu da: da bò nhập khẩu. /
Chất liệu đế: cao su cao cấp, có độ bám dính cao. /
Lót trong: da dê + vải canvas cao cấp. /
Chất liệu chi tiết kim loại: hợp kim không gỉ. /
Độ cao gót: 6cm. /
Tag da Logo W Signature THEWOLF. /
Bộ khuôn đế được thiết kế và sản xuất theo thiết kế độc quyền của THEWOLF. /
Đường chỉ khâu thủ công phần mũi giày. /
Sản phẩm được THIẾT KẾ VÀ GIA CÔNG BỞI NGƯỜI VIỆT NAM.'),
	(N'THE LADY WOLF R&E DERBY 4 EYELET - TAN',900000,1800000,N'Màu sắc: Tan da lộn. /
Chất liệu da: da bò nhập khẩu. /
Chất liệu đế: cao su cao cấp, có độ bám dính cao. /
Lót trong: da dê + vải canvas cao cấp. /
Chất liệu chi tiết kim loại: hợp kim không gỉ. /
Độ cao gót: 6cm. /
Tag da Logo W Signature THEWOLF. /
Bộ khuôn đế được thiết kế và sản xuất theo thiết kế độc quyền của THEWOLF. /
Đường chỉ khâu thủ công phần mũi giày. /
Sản phẩm được THIẾT KẾ VÀ GIA CÔNG BỞI NGƯỜI VIỆT NAM.'),
	(N'THE LADY WOLF R&E DERBY 4 EYELET - BLACK SUEDE',900000,1800000,N'Màu sắc: Đen da lộn. /
Chất liệu da: da bò nhập khẩu. /
Chất liệu đế: cao su cao cấp, có độ bám dính cao. /
Lót trong: da dê + vải canvas cao cấp. /
Chất liệu chi tiết kim loại: hợp kim không gỉ. /
Độ cao gót: 6cm. /
Tag da Logo W Signature THEWOLF. /
Bộ khuôn đế được thiết kế và sản xuất theo thiết kế độc quyền của THEWOLF. /
Đường chỉ khâu thủ công phần mũi giày. /
Sản phẩm được THIẾT KẾ VÀ GIA CÔNG BỞI NGƯỜI VIỆT NAM.'),
	(N'THE LADY WOLF R&E MULE SANDAL - TOBACCO',540000,1080000,N'Màu sắc: tobacco da lộn. /
Chất liệu da: da bò nhập khẩu. /
Lót trong: vải canvas cao cấp. /
Đế giữa: PU cao cấp được thiết kế độc quyền bởi THEWOLF. /
Đế dưới: chất liệu IP có độ đàn hồi cao, được thiết kế độc quyền bởi THEWOLF. /
Độ cao đế: 5.5cm. /
Logo W Signature được may da thủ công trên quai giày. /
Bộ khuôn đế được thiết kế và sản xuất theo thiết kế độc quyền của THEWOLF. /
Sản phẩm được THIẾT KẾ VÀ GIA CÔNG BỞI NGƯỜI VIỆT NAM.'),
	(N'THE LADY WOLF R&E MULE SANDAL - BLACK SUEDE',540000,1080000,N'Màu sắc: đen da lộn. /
Chất liệu da: da bò nhập khẩu. /
Lót trong: vải canvas cao cấp. /
Đế giữa: PU cao cấp được thiết kế độc quyền bởi THEWOLF. /
Đế dưới: chất liệu IP có độ đàn hồi cao, được thiết kế độc quyền bởi THEWOLF. /
Độ cao đế: 5.5cm. /
Logo W Signature được may da thủ công trên quai giày. /
Bộ khuôn đế được thiết kế và sản xuất theo thiết kế độc quyền của THEWOLF. /
Sản phẩm được THIẾT KẾ VÀ GIA CÔNG BỞI NGƯỜI VIỆT NAM.'),
	(N'THE LADY WOLF R&E MULE SANDAL - TAN',540000,1080000,N'Màu sắc: tan da lộn./
Chất liệu da: da bò nhập khẩu. /
Lót trong: vải canvas cao cấp. /
Đế giữa: PU cao cấp được thiết kế độc quyền bởi THEWOLF. /
Đế dưới: chất liệu IP có độ đàn hồi cao, được thiết kế độc quyền bởi THEWOLF. /
Độ cao đế: 5.5cm. /
Logo W Signature được may da thủ công trên quai giày. /
Bộ khuôn đế được thiết kế và sản xuất theo thiết kế độc quyền của THEWOLF. /
Sản phẩm được THIẾT KẾ VÀ GIA CÔNG BỞI NGƯỜI VIỆT NAM.'),
	(N'THE LADY WOLF R&E DERBY 4 EYELET - TOBACCO',900000,1800000,N'Màu sắc: Tobacco da lộn. /
Chất liệu da: da bò nhập khẩu. /
Chất liệu đế: cao su cao cấp, có độ bám dính cao. /
Lót trong: da dê + vải canvas cao cấp. /
Chất liệu chi tiết kim loại: hợp kim không gỉ. /
Độ cao gót: 6cm. /
Tag da Logo W Signature THEWOLF. /
Bộ khuôn đế được thiết kế và sản xuất theo thiết kế độc quyền của THEWOLF. /
Đường chỉ khâu thủ công phần mũi giày. /
Sản phẩm được THIẾT KẾ VÀ GIA CÔNG BỞI NGƯỜI VIỆT NAM.'),
	(N'THE LADY WOLF CHUNKY TASSEL LOAFER - BROWN',750000,1500000,N'Màu sắc: Nâu. /
Chất liệu da: Da bò. /
Chất liệu da lót: da dê. /
Chất liệu lót giày: trấu có độ thông thoáng và thấm hút mồ hôi tốt. /
Chất liệu đế: cao su cao cấp. /
Độ cao gót: 5,5cm. /
Tassel được THEWOLF gia công thủ công.'),
	(N'THE LADY WOLF CHUNKY TASSEL LOAFER - TAN',750000,1500000,N'Màu sắc: Tan. /
Chất liệu da: Da bò. /
Chất liệu da lót: da dê. /
Chất liệu lót giày: trấu có độ thông thoáng và thấm hút mồ hôi tốt. /
Chất liệu đế: cao su cao cấp. /
Độ cao gót: 5,5cm. /
Tassel được THEWOLF gia công thủ công.'),
	(N'THE LADY WOLF CHUNKY TASSEL LOAFER - BLACK',750000,1500000,N'Màu sắc: Đen. /
Chất liệu da: Da bò. /
Chất liệu da lót: da dê. /
Chất liệu lót giày: trấu có độ thông thoáng và thấm hút mồ hôi tốt. /
Chất liệu đế: cao su cao cấp. /
Độ cao gót: 5,5cm. /
Tassel được THEWOLF gia công thủ công.'),
	(N'THE QUEEN WOLF FLIP FLOP - BLACK',247500,495000,N'Màu sắc: Đen. /
Chất liệu da: Micro fiber. /
Chất liệu lót: microfiber + canvas + mút 6mm. /
Chất liệu đế: PU cao cấp có độ bền cao. /
Logo hợp kim thiết kế độc quyền. /
Lót dép mút 5mm, có kết cấu EVA êm ái và đàn hồi cao. /
Độ cao gót: 8 cm.'),
	(N'THE QUEEN WOLF MULE SANDAL - CREAM WHITE',247500,495000,N'Màu sắc: Trắng Kem. /
Chất liệu da: Micro fiber. /
Chất liệu lót: microfiber + canvas + mút 6mm. /
Chất liệu đế: PU cao cấp có độ bền cao. /
Logo hợp kim thiết kế độc quyền. /
Lót dép mút 5mm, có kết cấu EVA êm ái và đàn hồi cao. /
Độ cao gót: 8 cm.'),
	(N'THE QUEEN WOLF CAGE SANDAL - CREAM WHITE',247500,495000,N'Màu sắc: Trắng Kem. /
Chất liệu da: Micro fiber. /
Chất liệu lót: microfiber + canvas + mút 6mm. /
Chất liệu đế: PU cao cấp có độ bền cao. /
Logo hợp kim thiết kế độc quyền. /
Lót dép mút 5mm, có kết cấu EVA êm ái và đàn hồi cao. /
Độ cao gót: 8 cm.'),
	(N'THE QUEEN WOLF CAGE SANDAL - BLACK',247500,495000,N'Màu sắc: Đen. /
Chất liệu da: Micro fiber. /
Chất liệu lót: microfiber + canvas + mút 6mm. /
Chất liệu đế: PU cao cấp có độ bền cao. /
Logo hợp kim thiết kế độc quyền. /
Lót dép mút 5mm, có kết cấu EVA êm ái và đàn hồi cao. /
Độ cao gót: 8 cm.'),
	(N'THE QUEEN WOLF FLIP FLOP - CREAM WHITE',346500,495000,N'Màu sắc: Trắng Kem. /
Chất liệu da: Micro fiber. /
Chất liệu lót: microfiber + canvas + mút 6mm. /
Chất liệu đế: PU cao cấp có độ bền cao. /
Logo hợp kim thiết kế độc quyền. /
Lót dép mút 5mm, có kết cấu EVA êm ái và đàn hồi cao. /
Độ cao gót: 8 cm.'),
	(N'THE QUEEN WOLF MULE SANDAL - BLACK',346500,495000,N'Màu sắc: Đen. /
Chất liệu da: Micro fiber. /
Chất liệu lót: microfiber + canvas + mút 6mm. /
Chất liệu đế: PU cao cấp có độ bền cao. /
Logo hợp kim thiết kế độc quyền. /
Lót dép mút 5mm, có kết cấu EVA êm ái và đàn hồi cao. /
Độ cao gót: 8 cm.'),
	(N'THE SEAN LADY WOLF PENNY LOAFER - NAVY BLUE & OFF WHITE',892500,1275000,N'Màu sắc: Xanh Navy và Kem. /
Chất liệu da: da bò. /
Chất liệu da lót: da dê + da nhân tạo + canvas. /
Chất liệu đế: cao su cao cấp có độ mềm và đàn hồi tốt. /
Phần lưỡi gà bóp viền giúp giữ form tốt khi mang. /
Đường chỉ khâu thủ công phần mũi giày. /
Lót giày 4mm, có kết cấu EVA độ đàn hồi cao. /
Độ cao gót: 3,5cm.'),
	(N'THE SEAN LADY WOLF PENNY LOAFER - BROWN & OFF-WHITE',892500,1275000,N'Màu sắc: Nâu và Kem. /
Chất liệu da: da bò. /
Chất liệu da lót: da dê + da nhân tạo + canvas. /
Chất liệu đế: cao su cao cấp có độ mềm và đàn hồi tốt. /
Phần lưỡi gà bóp viền giúp giữ form tốt khi mang. /
Đường chỉ khâu thủ công phần mũi giày. /
Lót giày 4mm, có kết cấu EVA độ đàn hồi cao. /
Độ cao gót: 3,5cm.'),
	(N'THE SEAN LADY WOLF PENNY LOAFER - SHINY BLACK',892500,1275000,N'Màu sắc: Đen bóng kiếng. /
Chất liệu da: da bò. /
Chất liệu da lót: da dê + da nhân tạo + canvas. /
Chất liệu đế: cao su cao cấp có độ mềm và đàn hồi tốt. /
Phần lưỡi gà bóp viền giúp giữ form tốt khi mang. /
Đường chỉ khâu thủ công phần mũi giày. /
Lót giày 4mm, có kết cấu EVA độ đàn hồi cao. /
Độ cao gót: 3,5cm.'),
	(N'THE SEAN LADY WOLF PENNY LOAFER - BLACK',892500,1275000,N'Màu sắc: Đen. /
Chất liệu da: da bò. /
Chất liệu da lót: da dê + da nhân tạo + canvas. /
Chất liệu đế: cao su cao cấp có độ mềm và đàn hồi tốt. /
Phần lưỡi gà bóp viền giúp giữ form tốt khi mang. /
Đường chỉ khâu thủ công phần mũi giày. /
Lót giày 4mm, có kết cấu EVA độ đàn hồi cao. /
Độ cao gót: 3,5cm.'),
	(N'THE SEAN LADY WOLF PENNY LOAFER - BLACK OFF WHITE',892500,1275000,N'Màu sắc: Đen + Kem. /
Chất liệu da: da bò. /
Chất liệu da lót: da dê + da nhân tạo + canvas. /
Chất liệu đế: cao su cao cấp có độ mềm và đàn hồi tốt. /
Phần lưỡi gà bóp viền giúp giữ form tốt khi mang. /
Đường chỉ khâu thủ công phần mũi giày. /
Lót giày 4mm, có kết cấu EVA độ đàn hồi cao. /
Độ cao gót: 3,5cm.'),
	(N'THE SEAN LADY WOLF DERBY - BLACK',840000,1200000,N'Màu sắc: Đen. /
Chất liệu da: da bò. /
Chất liệu da lót: da dê + da nhân tạo + canvas. /
Chất liệu đế: cao su cao cấp có độ mềm và đàn hồi tốt. /
Gót giày có một lớp mút giảm độ cấn khi mang. /
Lót giày 4mm, có kết cấu EVA độ đàn hồi cao. /
Độ cao gót: 3,5cm.'),
	(N'THE LADY WOLF MARBE CHUNKY CHELSEA BOOT - BEIGE',560000,800000,N'Màu sắc: Beige./ 
Chất liệu da: Da bò nhập khẩu. /
Chất liệu đế giày: Cao su cao cấp. /
Lót Trong: Vải canvas cao cấp, da dê. /
Độ cao gót: 5,5 cm. /
Chi tiết: Dấu X được may thủ công sau gót, đôi giày sẽ có 2 pulltab giúp việc xỏ chân trở nên dễ dàng hơn. /
Sản phẩm được THIẾT KẾ VÀ GIA CÔNG BỞI NGƯỜI VIỆT NAM.'),
	(N'THE LADY WOLF MARBE CHUNKY COMBAT BOOT - BEIGE',560000,800000,N'Màu sắc: Beige. /
Chất liệu da: Da bò nhập khẩu. /
Chất liệu đế giày: Cao su cao cấp. /
Lót Trong: Vải canvas cao cấp, da dê. /
Độ cao gót: 5,5 cm. /
Chi tiết: Dấu X được may thủ công sau gót, đầu cột dây làm bằng thép không gỉ, phần lưỡi gà có may logo THEWOLF. /
Sản phẩm được THIẾT KẾ VÀ GIA CÔNG BỞI NGƯỜI VIỆT NAM.'),
	(N'THE LADY WOLF MODERN S SLIPPER - BLACK',833000,1190000,N'Màu sắc: Đen láng. /
Chất liệu da: da bò đen láng + da bò hột đen láng. /
Chất liệu đế: cao su nguyên chất. /
Lót trong: da dê + vải canvas cao cấp. /
Độ cao gót đế: 4,5cm. /
Chỉ giày to và được may đồng đều. /
Sử dụng kỹ thuật bóp viền, một kĩ thuật đòi hỏi kĩ năng của người thợ làm giày. /
Sản phẩm được THIẾT KẾ VÀ GIA CÔNG BỞI NGƯỜI VIỆT NAM.'),
	(N'THE LADY WOLF CHUNKY DERBY 4 EYELET - BLACK',560000,800000,N'Màu sắc: Đen láng. /
Chất liệu da: Da bò nhập khẩu. /
Chất liệu đế giày: Cao su cao cấp. /
Lót Trong: Vải canvas cao cấp, da dê. /
Độ cao gót: 5,5 cm. /
Sản phẩm được THIẾT KẾ VÀ GIA CÔNG BỞI NGƯỜI VIỆT NAM.'),
	(N'THE LADY WOLF SLIPPER - BLACK',472500,1050000,N'Màu sắc: Đen. /
Chất liệu da: Da bò nhập khẩu. /
Chất liệu đế giày: Cao su cao cấp. /
Lót Trong: Da dê. /
Độ cao gót: 3,5 cm.'),
	(N'THE MARS LADY WOLF HIGH COMBAT BOOT - BLACK',978750,2175000,N'Màu sắc: đen láng + đen hột. /
Chất liệu da: da bò nhập khẩu. /
Chất liệu đế: cao su cao cấp, có độ bám dính cao. /
Lót trong: da dê + vải canvas cao cấp. /
Thun: có độ co giản tốt, bền theo thời gian. /
Chất liệu chi tiết kim loại: hợp kim không gỉ. /
Độ cao gót: 6cm. /
Tag da Logo Signature THEWOLF. /
Bộ khuôn đế được thiết kế và sản xuất theo thiết kế độc quyền của THEWOLF. /
Kĩ thuật bóp viền thủ công trong ngành giày. /
Sản phẩm được THIẾT KẾ VÀ GIA CÔNG BỞI NGƯỜI VIỆT NAM.'),
	(N'THE MARS LADY WOLF CHELSEA BOOT - BLACK',810000,1800000,N'Màu sắc: đen láng. /
Chất liệu da: da bò nhập khẩu. /
Chất liệu đế: cao su cao cấp, có độ bám dính cao. /
Lót trong: da dê + vải canvas cao cấp. /
Thun: có độ co giản tốt, bền theo thời gian. /
Độ cao gót: 6cm. /
Logo Signature được dập chìm trên phần cổ bên ngoài đôi giày. /
Bộ khuôn đế được thiết kế và sản xuất theo thiết kế độc quyền của THEWOLF. /
Sản phẩm được THIẾT KẾ VÀ GIA CÔNG BỞI NGƯỜI VIỆT NAM.'),
	(N'THE MARS LADY WOLF MID COMBAT BOOT - BLACK',945000,2100000,N'Màu sắc: đen láng + đen hột. /
Chất liệu da: da bò nhập khẩu. /
Chất liệu đế: cao su cao cấp, có độ bám dính cao. /
Lót trong: da dê + vải canvas cao cấp. /
Thun: có độ co giản tốt, bền theo thời gian. /
Chất liệu chi tiết kim loại: hợp kim không gỉ. /
Độ cao gót: 6cm. /
Tag da Logo Signature THEWOLF. /
Bộ khuôn đế được thiết kế và sản xuất theo thiết kế độc quyền của THEWOLF. /
Kĩ thuật bóp viền thủ công trong ngành giày. /
Sản phẩm được THIẾT KẾ VÀ GIA CÔNG BỞI NGƯỜI VIỆT NAM.'),
	(N'THE LADY WOLF CHUNKY COMBAT BOOT - BLACK',693000,1540000,N'Màu sắc: Đen láng. /
Chất liệu da: Da bò nhập khẩu. /
Chất liệu đế giày: Cao su cao cấp. /
Lót Trong: Vải canvas cao cấp, da dê. /
Độ cao gót: 5,5 cm. /
Chi tiết: Dấu X được may thủ công sau gót, đầu cột dây làm bằng thép không gỉ, phần lưỡi gà có may logo THEWOLF. /
Sản phẩm được THIẾT KẾ VÀ GIA CÔNG BỞI NGƯỜI VIỆT NAM.');



INSERT INTO [categories] VALUES (N'Shoes Collection'),
	(N'The Focus Project'),
	(N'Boot'),
	(N'BST THE UPGRADE'),
	(N'Derby'),
	(N'Loafer'),
	(N'Slipper'),
	(N'Sandal'),
	(N'Men'),
	(N'Women'),
	(N'Flip Flop');


INSERT INTO [products_categories] VALUES (1,N'The Focus Project'),
	(1,N'Boot'),
	(1,N'Shoes Collection'),
	(2,N'The Focus Project'),
	(2,N'Boot'),
	(2,N'Shoes Collection'),
	(3,N'Boot'),
	(4,N'Boot'),
	(4,N'Shoes Collection'),
	(5,N'Boot'),
	(5,N'Shoes Collection'),
	(6,N'BST THE UPGRADE'),
	(6,N'Boot'),
	(6,N'Shoes Collection'),
	(7,N'BST THE UPGRADE'),
	(7,N'Boot'),
	(7,N'Shoes Collection'),
	(8,N'BST THE UPGRADE'),
	(8,N'Boot'),
	(8,N'Shoes Collection'),
	(9,N'BST THE UPGRADE'),
	(9,N'Boot'),
	(9,N'Shoes Collection'),
	(10,N'BST THE UPGRADE'),
	(10,N'Boot'),
	(10,N'Shoes Collection'),
	(11,N'BST THE UPGRADE'),
	(11,N'Boot'),
	(11,N'Shoes Collection'),
	(12,N'BST THE UPGRADE'),
	(12,N'Boot'),
	(12,N'Shoes Collection'),
	(13,N'Boot'),
	(13,N'Shoes Collection'),
	(14,N'Boot'),
	(14,N'Shoes Collection'),
	(15,N'Boot'),
	(15,N'Shoes Collection'),
	(16,N'Boot'),
	(16,N'Shoes Collection'),
	(17,N'Boot'),
	(17,N'Shoes Collection'),
	(18,N'The Focus Project'),
	(18,N'Derby'),
	(18,N'Shoes Collection'),
	(19,N'The Focus Project'),
	(19,N'Derby'),
	(19,N'Shoes Collection'),
	(20,N'The Focus Project'),
	(20,N'Derby'),
	(20,N'Shoes Collection'),
	(21,N'Derby'),
	(21,N'Shoes Collection'),
	(22,N'Derby'),
	(22,N'Shoes Collection'),
	(23,N'Derby'),
	(23,N'Shoes Collection'),
	(24,N'Derby'),
	(24,N'Shoes Collection'),
	(25,N'Derby'),
	(25,N'Shoes Collection'),
	(26,N'Derby'),
	(26,N'Shoes Collection'),
	(27,N'Derby'),
	(27,N'Shoes Collection'),
	(28,N'Derby'),
	(28,N'Shoes Collection'),
	(29,N'The Focus Project'),
	(29,N'Loafer'),
	(29,N'Shoes Collection'),
	(30,N'The Focus Project'),
	(30,N'Loafer'),
	(30,N'Shoes Collection'),
	(31,N'The Focus Project'),
	(31,N'Shoes Collection'),
	(31,N'Loafer'),
	(32,N'Loafer'),
	(32,N'Shoes Collection'),
	(33,N'Loafer'),
	(33,N'Shoes Collection'),
	(34,N'Loafer'),
	(34,N'Shoes Collection'),
	(1,N'Men'),
	(2,N'Men'),
	(3,N'Men'),
	(4,N'Men'),
	(5,N'Men'),
	(6,N'Men'),
	(7,N'Men'),
	(8,N'Men'),
	(9,N'Men'),
	(10,N'Men'),
	(11,N'Men'),
	(12,N'Men'),
	(13,N'Men'),
	(14,N'Men'),
	(15,N'Men'),
	(16,N'Men'),
	(17,N'Men'),
	(18,N'Men'),
	(19,N'Men'),
	(20,N'Men'),
	(21,N'Men'),
	(22,N'Men'),
	(23,N'Men'),
	(24,N'Men'),
	(25,N'Men'),
	(26,N'Men'),
	(27,N'Men'),
	(28,N'Men'),
	(29,N'Men'),
	(30,N'Men'),
	(31,N'Men'),
	(32,N'Men'),
	(33,N'Men'),
	(34,N'Men'),
	(35,N'Women'),
	(36,N'Women'),
	(37,N'Women'),
	(38,N'Women'),
	(39,N'Women'),
	(40,N'Women'),
	(41,N'Women'),
	(42,N'Women'),
	(43,N'Women'),
	(44,N'Women'),
	(45,N'Women'),
	(46,N'Women'),
	(47,N'Women'),
	(48,N'Women'),
	(49,N'Women'),
	(50,N'Women'),
	(51,N'Women'),
	(52,N'Women'),
	(53,N'Women'),
	(54,N'Women'),
	(55,N'Women'),
	(56,N'Women'),
	(57,N'Women'),
	(58,N'Women'),
	(59,N'Women'),
	(60,N'Women'),
	(61,N'Women'),
	(62,N'Women'),
	(63,N'Women'),
	(64,N'Women'),
	(65,N'Women'),
	(66,N'Women'),
	(35,N'Sandal'),
	(36,N'Derby'),
	(37,N'Derby'),
	(38,N'Derby'),
	(39,N'Sandal'),
	(40,N'Sandal'),
	(41,N'Sandal'),
	(42,N'Derby'),
	(43,N'Loafer'),
	(44,N'Loafer'),
	(45,N'Loafer'),
	(46,N'Flip Flop'),
	(47,N'Sandal'),
	(48,N'Sandal'),
	(49,N'Sandal'),
	(50,N'Flip Flop'),
	(51,N'Sandal'),
	(52,N'Loafer'),
	(53,N'Loafer'),
	(54,N'Loafer'),
	(55,N'Loafer'),
	(56,N'Loafer'),
	(57,N'Derby'),
	(58,N'Boot'),
	(59,N'Boot'),
	(60,N'Slipper'),
	(61,N'Derby'),
	(62,N'Slipper'),
	(63,N'Boot'),
	(64,N'Boot'),
	(65,N'Boot'),
	(66,N'Boot');


INSERT INTO [size] VALUES (1,36,99),
	(1,37,13),
	(1,38,19),
	(1,39,99),
	(1,40,82),
	(1,41,96),
	(1,42,59),
	(1,43,48),
	(1,44,3),
	(2,36,52),
	(2,37,9),
	(2,38,12),
	(2,39,13),
	(2,40,12),
	(2,41,75),
	(2,42,20),
	(2,43,54),
	(2,44,71),
	(3,36,72),
	(3,37,20),
	(3,38,79),
	(3,39,32),
	(3,40,93),
	(3,41,84),
	(3,42,9),
	(3,43,40),
	(3,44,10),
	(4,36,39),
	(4,37,8),
	(4,38,55),
	(4,39,66),
	(4,40,35),
	(4,41,16),
	(4,42,16),
	(4,43,97),
	(4,44,58),
	(5,36,9),
	(5,37,3),
	(5,38,11),
	(5,39,69),
	(5,40,66),
	(5,41,65),
	(5,42,80),
	(5,43,86),
	(5,44,15),
	(6,36,67),
	(6,37,62),
	(6,38,78),
	(6,39,75),
	(6,40,86),
	(6,41,12),
	(6,42,4),
	(6,43,50),
	(6,44,18),
	(7,36,47),
	(7,37,2),
	(7,38,100),
	(7,39,84),
	(7,40,53),
	(7,41,69),
	(7,42,18),
	(7,43,43),
	(7,44,45),
	(8,36,46),
	(8,37,78),
	(8,38,61),
	(8,39,38),
	(8,40,85),
	(8,41,62),
	(8,42,53),
	(8,43,75),
	(8,44,60),
	(9,36,89),
	(9,37,10),
	(9,38,46),
	(9,39,54),
	(9,40,31),
	(9,41,92),
	(9,42,0),
	(9,43,56),
	(9,44,62),
	(10,36,3),
	(10,37,99),
	(10,38,20),
	(10,39,55),
	(10,40,13),
	(10,41,77),
	(10,42,48),
	(10,43,43),
	(10,44,84),
	(11,36,19),
	(11,37,64),
	(11,38,89),
	(11,39,73),
	(11,40,4),
	(11,41,66),
	(11,42,27),
	(11,43,87),
	(11,44,8),
	(12,36,76),
	(12,37,68),
	(12,38,21),
	(12,39,77),
	(12,40,79),
	(12,41,57),
	(12,42,39),
	(12,43,70),
	(12,44,30),
	(13,36,82),
	(13,37,80),
	(13,38,14),
	(13,39,59),
	(13,40,18),
	(13,41,56),
	(13,42,70),
	(13,43,57),
	(13,44,5),
	(14,36,65),
	(14,37,12),
	(14,38,22),
	(14,39,24),
	(14,40,70),
	(14,41,74),
	(14,42,46),
	(14,43,40),
	(14,44,24),
	(15,36,2),
	(15,37,38),
	(15,38,72),
	(15,39,40),
	(15,40,24),
	(15,41,40),
	(15,42,63),
	(15,43,2),
	(15,44,64),
	(16,36,45),
	(16,37,12),
	(16,38,44),
	(16,39,99),
	(16,40,21),
	(16,41,64),
	(16,42,68),
	(16,43,20),
	(16,44,2),
	(17,36,9),
	(17,37,1),
	(17,38,42),
	(17,39,13),
	(17,40,88),
	(17,41,88),
	(17,42,13),
	(17,43,27),
	(17,44,63),
	(18,36,97),
	(18,37,72),
	(18,38,85),
	(18,39,58),
	(18,40,65),
	(18,41,33),
	(18,42,53),
	(18,43,40),
	(18,44,72),
	(19,36,39),
	(19,37,42),
	(19,38,60),
	(19,39,3),
	(19,40,85),
	(19,41,96),
	(19,42,49),
	(19,43,68),
	(19,44,74),
	(20,36,61),
	(20,37,51),
	(20,38,13),
	(20,39,94),
	(20,40,2),
	(20,41,65),
	(20,42,47),
	(20,43,92),
	(20,44,21),
	(21,36,32),
	(21,37,89),
	(21,38,35),
	(21,39,35),
	(21,40,87),
	(21,41,69),
	(21,42,21),
	(21,43,100),
	(21,44,92),
	(22,36,26),
	(22,37,49),
	(22,38,55),
	(22,39,90),
	(22,40,54),
	(22,41,75),
	(22,42,21),
	(22,43,96),
	(22,44,84),
	(23,36,20),
	(23,37,47),
	(23,38,68),
	(23,39,68),
	(23,40,38),
	(23,41,25),
	(23,42,77),
	(23,43,37),
	(23,44,7),
	(24,36,76),
	(24,37,51),
	(24,38,6),
	(24,39,63),
	(24,40,77),
	(24,41,31),
	(24,42,5),
	(24,43,99),
	(24,44,48),
	(25,36,89),
	(25,37,25),
	(25,38,78),
	(25,39,45),
	(25,40,51),
	(25,41,33),
	(25,42,20),
	(25,43,80),
	(25,44,29),
	(26,36,4),
	(26,37,7),
	(26,38,76),
	(26,39,27),
	(26,40,77),
	(26,41,38),
	(26,42,22),
	(26,43,91),
	(26,44,54),
	(27,36,76),
	(27,37,86),
	(27,38,7),
	(27,39,93),
	(27,40,97),
	(27,41,0),
	(27,42,42),
	(27,43,91),
	(27,44,11),
	(28,36,35),
	(28,37,100),
	(28,38,60),
	(28,39,29),
	(28,40,14),
	(28,41,54),
	(28,42,78);
INSERT INTO [size] VALUES (28,43,83),
	(28,44,57),
	(29,36,3),
	(29,37,42),
	(29,38,6),
	(29,39,10),
	(29,40,24),
	(29,41,97),
	(29,42,64),
	(29,43,3),
	(29,44,8),
	(30,36,96),
	(30,37,35),
	(30,38,57),
	(30,39,70),
	(30,40,99),
	(30,41,38),
	(30,42,67),
	(30,43,42),
	(30,44,78),
	(31,36,27),
	(31,37,86),
	(31,38,4),
	(31,39,42),
	(31,40,9),
	(31,41,61),
	(31,42,50),
	(31,43,88),
	(31,44,16),
	(32,36,65),
	(32,37,75),
	(32,38,68),
	(32,39,21),
	(32,40,60),
	(32,41,92),
	(32,42,44),
	(32,43,90),
	(32,44,28),
	(33,36,45),
	(33,37,18),
	(33,38,79),
	(33,39,80),
	(33,40,41),
	(33,41,91),
	(33,42,5),
	(33,43,79),
	(33,44,15),
	(34,36,12),
	(34,37,81),
	(34,38,50),
	(34,39,93),
	(34,40,6),
	(34,41,89),
	(34,42,95),
	(34,43,91),
	(34,44,70),
	(35,35,15),
	(36,35,37),
	(37,35,67),
	(38,35,31),
	(39,35,68),
	(40,35,46),
	(41,35,2),
	(42,35,94),
	(43,35,65),
	(44,35,68),
	(45,35,82),
	(46,35,27),
	(47,35,67),
	(48,35,74),
	(49,35,73),
	(50,35,2),
	(51,35,58),
	(52,35,1),
	(53,35,97),
	(54,35,71),
	(55,35,1),
	(56,35,91),
	(57,35,19),
	(58,35,89),
	(59,35,33),
	(60,35,85),
	(61,35,29),
	(62,35,29),
	(63,35,1),
	(64,35,10),
	(65,35,27),
	(66,35,61),
	(35,36,90),
	(36,36,85),
	(37,36,18),
	(38,36,8),
	(39,36,39),
	(40,36,2),
	(41,36,43),
	(42,36,71),
	(43,36,67),
	(44,36,37),
	(45,36,70),
	(46,36,60),
	(47,36,48),
	(48,36,69),
	(49,36,19),
	(50,36,97),
	(51,36,82),
	(52,36,44),
	(53,36,99),
	(54,36,89),
	(55,36,83),
	(56,36,29),
	(57,36,54),
	(58,36,39),
	(59,36,77),
	(60,36,67),
	(61,36,39),
	(62,36,62),
	(63,36,65),
	(64,36,29),
	(65,36,30),
	(66,36,90),
	(35,37,32),
	(36,37,33),
	(37,37,58),
	(38,37,0),
	(39,37,96),
	(40,37,73),
	(41,37,46),
	(42,37,1),
	(43,37,31),
	(44,37,51),
	(45,37,40),
	(46,37,40),
	(47,37,9),
	(48,37,81),
	(49,37,52),
	(50,37,91),
	(51,37,59),
	(52,37,85),
	(53,37,66),
	(54,37,37),
	(55,37,59),
	(56,37,73),
	(57,37,16),
	(58,37,69),
	(59,37,53),
	(60,37,31),
	(61,37,15),
	(62,37,32),
	(63,37,51),
	(64,37,35),
	(65,37,57),
	(66,37,27),
	(35,38,47),
	(36,38,2),
	(37,38,25),
	(38,38,53),
	(39,38,33),
	(40,38,23),
	(41,38,72),
	(42,38,98),
	(43,38,93),
	(44,38,60),
	(45,38,3),
	(46,38,82),
	(47,38,45),
	(48,38,32),
	(49,38,32),
	(50,38,20),
	(51,38,76),
	(52,38,77),
	(53,38,46),
	(54,38,23),
	(55,38,89),
	(56,38,23),
	(57,38,20),
	(58,38,3),
	(59,38,90),
	(60,38,65),
	(61,38,46),
	(62,38,79),
	(63,38,94),
	(64,38,64),
	(65,38,84),
	(66,38,31),
	(35,39,14),
	(36,39,85),
	(37,39,69),
	(38,39,21),
	(39,39,24),
	(40,39,63),
	(41,39,48),
	(42,39,74),
	(43,39,87),
	(44,39,90),
	(45,39,62),
	(46,39,8),
	(47,39,50),
	(48,39,80),
	(49,39,99),
	(50,39,73),
	(51,39,93),
	(52,39,55),
	(53,39,23),
	(54,39,51),
	(55,39,67),
	(56,39,0),
	(57,39,43),
	(58,39,32),
	(59,39,83),
	(60,39,46),
	(61,39,20),
	(62,39,15),
	(63,39,46),
	(64,39,48),
	(65,39,43),
	(66,39,26),
	(35,40,64),
	(36,40,61),
	(37,40,90),
	(38,40,35),
	(39,40,94),
	(40,40,64),
	(41,40,100),
	(42,40,3),
	(43,40,78),
	(44,40,68),
	(45,40,27),
	(46,40,15),
	(47,40,92),
	(48,40,10),
	(49,40,91),
	(50,40,22),
	(51,40,47),
	(52,40,99),
	(53,40,23),
	(54,40,54),
	(55,40,0),
	(56,40,85),
	(57,40,40),
	(58,40,25),
	(59,40,64),
	(60,40,80),
	(61,40,18),
	(62,40,41),
	(63,40,89),
	(64,40,29),
	(65,40,82),
	(66,40,60),
	(35,41,43),
	(36,41,39);
INSERT INTO [size] VALUES (37,41,58),
	(38,41,71),
	(39,41,5),
	(40,41,28),
	(41,41,14),
	(42,41,59),
	(43,41,99),
	(44,41,62),
	(45,41,34),
	(46,41,39),
	(47,41,18),
	(48,41,39),
	(49,41,80),
	(50,41,71),
	(51,41,22),
	(52,41,95),
	(53,41,62),
	(54,41,7),
	(55,41,96),
	(56,41,42),
	(57,41,15),
	(58,41,38),
	(59,41,49),
	(60,41,82),
	(61,41,2),
	(62,41,24),
	(63,41,85),
	(64,41,18),
	(65,41,36),
	(66,41,18),
	(35,42,20),
	(36,42,27),
	(37,42,35),
	(38,42,72),
	(39,42,62),
	(40,42,20),
	(41,42,79),
	(42,42,89),
	(43,42,10),
	(44,42,20),
	(45,42,3),
	(46,42,100),
	(47,42,48),
	(48,42,65),
	(49,42,48),
	(50,42,9),
	(51,42,95),
	(52,42,56),
	(53,42,58),
	(54,42,11),
	(55,42,67),
	(56,42,20),
	(57,42,3),
	(58,42,87),
	(59,42,53),
	(60,42,4),
	(61,42,59),
	(62,42,85),
	(63,42,18),
	(64,42,92),
	(65,42,14),
	(66,42,37),
	(35,43,15),
	(36,43,71),
	(37,43,90),
	(38,43,95),
	(39,43,72),
	(40,43,12),
	(41,43,15),
	(42,43,90),
	(43,43,61),
	(44,43,68),
	(45,43,100),
	(46,43,9),
	(47,43,93),
	(48,43,89),
	(49,43,21),
	(50,43,62),
	(51,43,39),
	(52,43,68),
	(53,43,20),
	(54,43,97),
	(55,43,84),
	(56,43,54),
	(57,43,44),
	(58,43,42),
	(59,43,8),
	(60,43,28),
	(61,43,87),
	(62,43,74),
	(63,43,68),
	(64,43,33),
	(65,43,22),
	(66,43,2),
	(35,44,5),
	(36,44,91),
	(37,44,63),
	(38,44,53),
	(39,44,81),
	(40,44,29),
	(41,44,5),
	(42,44,59),
	(43,44,23),
	(44,44,41),
	(45,44,94),
	(46,44,98),
	(47,44,100),
	(48,44,64),
	(49,44,23),
	(50,44,58),
	(51,44,15),
	(52,44,47),
	(53,44,53),
	(54,44,70),
	(55,44,99),
	(56,44,73),
	(57,44,66),
	(58,44,3),
	(59,44,15),
	(60,44,10),
	(61,44,50),
	(62,44,7),
	(63,44,62),
	(64,44,52),
	(65,44,79),
	(66,44,72);



INSERT INTO [products_image] VALUES (N'1 (1).jpg',1),
	(N'1 (2).jpg',1),
	(N'1 (3).jpg',1),
	(N'1 (4).jpg',1),
	(N'2 (1).jpg',2),
	(N'2 (2).jpg',2),
	(N'2 (3).jpg',2),
	(N'2 (4).jpg',2),
	(N'3 (1).png',3),
	(N'3 (2).png',3),
	(N'3 (3).png',3),
	(N'3 (4).png',3),
	(N'4 (1).png',4),
	(N'4 (2).png',4),
	(N'4 (3).png',4),
	(N'4 (4).png',4),
	(N'5 (1).jpg',5),
	(N'5 (2).jpg',5),
	(N'5 (3).jpg',5),
	(N'5 (4).jpg',5),
	(N'6 (1).png',6),
	(N'6 (2).png',6),
	(N'6 (3).png',6),
	(N'6 (4).png',6),
	(N'7 (1).png',7),
	(N'7 (2).png',7),
	(N'7 (3).png',7),
	(N'7 (4).png',7),
	(N'8 (1).png',8),
	(N'8 (2).png',8),
	(N'8 (3).png',8),
	(N'8 (4).png',8),
	(N'9 (1).jpg',9),
	(N'9 (2).png',9),
	(N'9 (3).png',9),
	(N'9 (4).png',9),
	(N'10 (1).jpg',10),
	(N'10 (2).png',10),
	(N'10 (3).png',10),
	(N'10 (4).png',10),
	(N'11 (1).jpg',11),
	(N'11 (2).png',11),
	(N'11 (3).png',11),
	(N'11 (4).png',11),
	(N'12 (1).jpg',12),
	(N'12 (2).png',12),
	(N'12 (3).png',12),
	(N'12 (4).png',12),
	(N'13 (1).png',13),
	(N'13 (2).png',13),
	(N'13 (3).png',13),
	(N'13 (4).png',13),
	(N'14 (1).png',14),
	(N'14 (2).png',14),
	(N'14 (3).png',14),
	(N'14 (4).png',14),
	(N'15 (1).png',15),
	(N'15 (2).png',15),
	(N'15 (3).png',15),
	(N'15 (4).png',15),
	(N'16 (1).png',16),
	(N'16 (2).png',16),
	(N'16 (3).png',16),
	(N'16 (4).png',16),
	(N'17 (1).png',17),
	(N'17 (2).png',17),
	(N'17 (3).png',17),
	(N'17 (4).png',17),
	(N'18 (1).jpg',18),
	(N'18 (2).jpg',18),
	(N'18 (3).jpg',18),
	(N'18 (4).jpg',18),
	(N'19 (1).jpg',19),
	(N'19 (2).jpg',19),
	(N'19 (3).jpg',19),
	(N'19 (4).jpg',19),
	(N'20 (1).jpg',20),
	(N'20 (2).jpg',20),
	(N'20 (3).jpg',20),
	(N'20 (4).jpg',20),
	(N'21 (1).jpg',21),
	(N'21 (2).jpg',21),
	(N'21 (3).jpg',21),
	(N'21 (4).jpg',21),
	(N'22 (1).jpg',22),
	(N'22 (2).jpg',22),
	(N'22 (3).jpg',22),
	(N'22 (4).jpg',22),
	(N'23 (1).jpg',23),
	(N'23 (2).jpg',23),
	(N'23 (3).jpg',23),
	(N'23 (4).jpg',23),
	(N'24 (1).jpg',24),
	(N'24 (2).jpg',24),
	(N'24 (3).jpg',24),
	(N'24 (4).jpg',24),
	(N'25 (1).png',25),
	(N'25 (2).png',25),
	(N'25 (3).png',25),
	(N'25 (4).png',25),
	(N'26 (1).jpg',26),
	(N'26 (2).jpg',26),
	(N'26 (3).jpg',26),
	(N'26 (4).jpg',26),
	(N'27 (1).jpg',27),
	(N'27 (2).jpg',27),
	(N'27 (3).jpg',27),
	(N'27 (4).jpg',27),
	(N'28 (1).jpg',28),
	(N'28 (2).jpg',28),
	(N'28 (3).jpg',28),
	(N'28 (4).jpg',28),
	(N'29 (1).jpg',29),
	(N'29 (2).jpg',29),
	(N'29 (3).jpg',29),
	(N'29 (4).jpg',29),
	(N'30 (1).jpg',30),
	(N'30 (2).jpg',30),
	(N'30 (3).jpg',30),
	(N'30 (4).jpg',30),
	(N'31 (1).jpg',31),
	(N'31 (2).jpg',31),
	(N'31 (3).jpg',31),
	(N'31 (4).jpg',31),
	(N'32 (1).png',32),
	(N'32 (2).png',32),
	(N'32 (3).png',32),
	(N'32 (4).png',32),
	(N'33 (1).jpg',33),
	(N'33 (2).jpg',33),
	(N'33 (3).jpg',33),
	(N'33 (4).jpg',33),
	(N'34 (1).jpg',34),
	(N'34 (2).jpg',34),
	(N'34 (3).jpg',34),
	(N'34 (4).jpg',34),
	(N'35 (1).jpg',35),
	(N'35 (2).jpg',35),
	(N'35 (3).jpg',35),
	(N'35 (4).jpg',35),
	(N'36 (1).jpg',36),
	(N'36 (2).jpg',36),
	(N'36 (3).jpg',36),
	(N'36 (4).jpg',36),
	(N'37 (1).jpg',37),
	(N'37 (2).jpg',37),
	(N'37 (3).jpg',37),
	(N'37 (4).jpg',37),
	(N'38 (1).jpg',38),
	(N'38 (2).jpg',38),
	(N'38 (3).jpg',38),
	(N'38 (4).jpg',38),
	(N'39 (1).jpg',39),
	(N'40 (1).jpg',40),
	(N'41 (1).jpg',41),
	(N'42 (1).jpg',42),
	(N'43 (1).jpg',43),
	(N'44 (1).jpg',44),
	(N'45 (1).jpg',45),
	(N'46 (1).jpg',46),
	(N'47 (1).jpg',47),
	(N'48 (1).jpg',48),
	(N'49 (1).jpg',49),
	(N'50 (1).jpg',50),
	(N'51 (1).jpg',51),
	(N'52 (1).jpg',52),
	(N'53 (1).jpg',53),
	(N'54 (1).jpg',54),
	(N'55 (1).jpg',55),
	(N'56 (1).jpg',56),
	(N'57 (1).jpg',57),
	(N'58 (1).jpg',58),
	(N'59 (1).jpg',59),
	(N'60 (1).jpg',60),
	(N'61 (1).jpg',61),
	(N'62 (1).jpg',62),
	(N'63 (1).jpg',63),
	(N'64 (1).jpg',64),
	(N'65 (1).jpg',65),
	(N'66 (1).jpg',66),
	(N'39 (2).jpg',39),
	(N'40 (2).jpg',40),
	(N'41 (2).jpg',41),
	(N'42 (2).jpg',42),
	(N'43 (2).jpg',43),
	(N'44 (2).jpg',44),
	(N'45 (2).jpg',45),
	(N'46 (2).jpg',46),
	(N'47 (2).jpg',47),
	(N'48 (2).jpg',48),
	(N'49 (2).jpg',49),
	(N'50 (2).jpg',50),
	(N'51 (2).jpg',51),
	(N'52 (2).jpg',52),
	(N'53 (2).jpg',53),
	(N'54 (2).jpg',54),
	(N'55 (2).jpg',55),
	(N'56 (2).jpg',56),
	(N'57 (2).jpg',57),
	(N'58 (2).jpg',58),
	(N'59 (2).jpg',59),
	(N'60 (2).jpg',60),
	(N'61 (2).jpg',61),
	(N'62 (2).jpg',62),
	(N'63 (2).jpg',63),
	(N'64 (2).jpg',64),
	(N'65 (2).jpg',65),
	(N'66 (2).jpg',66),
	(N'39 (3).jpg',39),
	(N'40 (3).jpg',40),
	(N'41 (3).jpg',41),
	(N'42 (3).jpg',42),
	(N'43 (3).jpg',43),
	(N'44 (3).jpg',44),
	(N'45 (3).jpg',45),
	(N'46 (3).jpg',46),
	(N'47 (3).jpg',47),
	(N'48 (3).jpg',48),
	(N'49 (3).jpg',49),
	(N'50 (3).jpg',50),
	(N'51 (3).jpg',51),
	(N'52 (3).jpg',52),
	(N'53 (3).jpg',53),
	(N'54 (3).jpg',54),
	(N'55 (3).jpg',55),
	(N'56 (3).jpg',56),
	(N'57 (3).jpg',57),
	(N'58 (3).jpg',58),
	(N'59 (3).jpg',59),
	(N'60 (3).jpg',60),
	(N'61 (3).jpg',61),
	(N'62 (3).jpg',62),
	(N'63 (3).jpg',63),
	(N'64 (3).jpg',64),
	(N'65 (3).jpg',65),
	(N'66 (3).jpg',66),
	(N'39 (4).jpg',39),
	(N'40 (4).jpg',40),
	(N'41 (4).jpg',41),
	(N'42 (4).jpg',42),
	(N'43 (4).jpg',43),
	(N'44 (4).jpg',44),
	(N'45 (4).jpg',45),
	(N'46 (4).jpg',46),
	(N'47 (4).jpg',47),
	(N'48 (4).jpg',48),
	(N'49 (4).jpg',49),
	(N'50 (4).jpg',50),
	(N'51 (4).jpg',51),
	(N'52 (4).jpg',52);
INSERT INTO [products_image] VALUES (N'53 (4).jpg',53),
	(N'54 (4).jpg',54),
	(N'55 (4).jpg',55),
	(N'56 (4).jpg',56),
	(N'57 (4).jpg',57),
	(N'58 (4).jpg',58),
	(N'59 (4).jpg',59),
	(N'60 (4).jpg',60),
	(N'61 (4).jpg',61),
	(N'62 (4).jpg',62),
	(N'63 (4).jpg',63),
	(N'64 (4).jpg',64),
	(N'65 (4).jpg',65);


INSERT INTO [customers] VALUES
('john_doe', '1', 'John Doe', '1234567890', 'john.doe@email.com', 'Male', '1990-05-15', 'profile_pic1.jpg', 1),
('jane_smith', '1', 'Jane Smith', '9876543210', 'jane.smith@email.com', 'Female', '1985-08-20', 'profile_pic2.jpg', 1),
('admin_user', '1', 'Admin User', '5551234567', 'admin.user@email.com', 'Male', '1980-12-10', 'admin_pic.jpg', 0),
('alice_green', '1', 'Alice Green', '1112223333', 'alice.green@email.com', 'Female', '1995-03-25', 'alice_pic.jpg', 1),
('bob_jones', '1', 'Bob Jones', '4445556666', 'bob.jones@email.com', 'Male', '1988-07-05', 'bob_pic.jpg', 1);


INSERT INTO [customerAddress] VALUES
(3, 'Jane Smith%0975643829%Xã Hưng Chính Thành Phố Vinh Nghệ An','active'),
(3, 'Jane Smith%0975643829%Nhà trọ Hoàng Quân Phú Hữu Tân Xã','active'),
(1, 'Admin%0977565429%Đại học FPT','active'),
(4, 'Okis Adgraham%0997543829%Thanh Xuân Hà Nội','active'),
(5, 'Olamai Yesir%0975643900%Xã Hưng Mỹ Huyện Hưng Nguyên Nghệ An','active'),
(2, 'Siu Siu%0975643999%Xã Đại Đồng Huyện Thanh Chương Nghệ An','active');


INSERT INTO discount VALUES
('DISCOUNT10', 0.1),
('SAVE20', 0.2),
('HALFPRICE', 0.5),
('LUCKY15', 0.15),
('FAMILY', 1),
('SPRINGSALE', 0.3);

