INSERT INTO [products] VALUES ('Giày da unisex nam nữ The Focus Combat Chunky Boots August chính hãng bảo hành 24 tháng',725000,1450000,'Chất liệu da: Da bò mộc Chất liệu đế giày: Cao Su Cao Cấp Lót Trong: Da cừu, vải canvas Size: 36->44'),
	('Giày da unisex nam nữ The Focus Combat Chunky Boots August chính hãng bảo hành 24 tháng',435000,1450000,'Chất liệu da: Da bò mộc Chất liệu đế giày: Cao Su Cao Cấp Lót Trong: Da cừu, vải canvas Size: 36->44'),
	('Giày da unisex nam nữ The Focus Combat Chunky Boots August chính hãng bảo hành 24 tháng',435000,1450000,'Chất liệu da: Da bò mộc Chất liệu đế giày: Cao Su Cao Cấp Lót Trong: Da cừu, vải canvas Size: 36->44'),
	('Giày da unisex nam nữ The Focus Combat Chunky Boots August chính hãng bảo hành 24 tháng',435000,1450000,'Chất liệu da: Da bò mộc Chất liệu đế giày: Cao Su Cao Cấp Lót Trong: Da cừu, vải canvas Size: 36->44'),
	('Giày da unisex nam nữ The Focus Chunky Chelsea Boots',435000,1450000,'Chất liệu da: Da bò mộc Chất liệu đế giày: Cao Su Cao Cấp Lót Trong: Da cừu, vải canvas Size: 36->44'),
	('Chelsea boot Classic Ss2022',345000,1150000,'Chất liệu da (upper): Da bò tấm – Lót trong: Da cừu, vải canvas cao cấp – Đế: gỗ nhập khẩu – Màu: Đen – Size: 38 – 43 Độ cao gót: 3cm'),
	('August Classic Zipboot Ss2022',345000,1150000,'Chất liệu da (upper): Da bò tấm – Lót trong: Da cừu, vải canvas cao cấp – Đế: gỗ nhập khẩu – Màu: Đen – Size: 38 – 43 Mẫu giày Zip boots thiết kế tại August với sự lịch lãm trẻ trung trên nền đế của các dòng giày tây, phối hợp với …'),
	('The Hercules Chunky Combat boots',435000,1450000,'Chất liệu: Da bò nhập khẩu 100% – Đế giày: Cao su đặc đúc nguyên khối cao cấp – Lót trong: Da bò mịn – Chiều cao đế: 4,5 cm'),
	('Chelsea boot Tan',495000,1650000,'Chất liệu da: Da bò nhập khẩu Chất liệu đế giày: Đế cao su cao cấp gót gỗ Lót Trong: Da bò Độ cao gót: 5 cm'),
	('Zipboot Black Ss2023',585000,1950000,'Màu sắc: Đen Chất liệu da: Da bò nhập khẩu Chất liệu đế giày: Đế fip Lót Trong: Da bò Độ cao gót: 5 cm'),
	('Chelsea boots Black',1155000,1650000,'Màu sắc: Đen Chất liệu da: Da bò nhập khẩu Chất liệu đế giày: Đế cao su cao cấp gót gỗ Lót Trong: Da bò Độ cao gót: 5 cm'),
	('Chelsea boot Tobacco',1155000,1650000,'Chất liệu da: Da bò nhập khẩu Chất liệu đế giày: Đế cao su cao cấp gót gỗ Lót Trong: Da bò Độ cao gót: 5 cm'),
	('Harness boot Tobacco',1505000,2150000,'Chất liệu da: Da bò nhập khẩu Chất liệu đế giày: Đế cao su cao cấp gót gỗ Lót Trong: Da bò Độ cao gót: 5 cm'),
	('Harness boot Black with Silver chain',1505000,2150000,'Màu sắc: Đen Chất liệu da: Da bò nhập khẩu Chất liệu đế giày: Đế cao su cao cấp gót gỗ Lót Trong: Da bò Độ cao gót: 5 cm'),
	('Harness boot Black',1505000,2150000,'Màu sắc: Đen Chất liệu da: Da bò nhập khẩu Chất liệu đế giày: Đế cao su cao cấp gót gỗ Lót Trong: Da bò Độ cao gót: 5 cm'),
	('Chelsea boot Tobacco',805000,1150000,'Chất liệu da (upper): Da bò lộn – Lót trong: Da cừu, vải canvas cao cấp – Đế: gỗ nhập khẩu – Màu: Đen Độ cao gót: 3cm'),
	('Ankle High Boot',1015000,1450000,'Chất liệu da: Da bò Nappa Lót trong: Da cừu Đế: Cao su cao cấp, gót gỗ Chiều cao gót: 3.5cm'),
	('Chelsea boots mũi tròn',805000,1150000,'Chất liệu da (upper): Da bò tấm – Lót trong: Da cừu, vải canvas cao cấp – Đế: gỗ nhập khẩu – Màu: Đen – Size: 38 – 44'),
	('Chelsea boot Black suede',632500,1150000,'Chất liệu da (upper): Da bò lộn – Lót trong: Da cừu, vải canvas cao cấp – Đế: gỗ nhập khẩu – Màu: Đen – Size: 38 – 43'),
	('Chelsea boot in Tan',632500,1150000,'Chất liệu da (upper): Da bò lộn – Lót trong: Da cừu, vải canvas cao cấp – Đế: gỗ nhập khẩu – Màu: Đen – Size: 38 – 43'),
	('Giày da unisex nam nữ The Focus Chunky Derby August chính hãng bảo hành 24 tháng',742500,1350000,'Chất liệu da: Da bò mộc Chất liệu đế giày: Cao Su Cao Cấp Lót Trong: Da cừu, vải canvas Size: 36->44'),
	('Giày da unisex nam nữ The Focus Special Chunky Derby August chính hãng bảo hành 24 tháng',742500,1350000,'Chất liệu da: Da bò mộc Chất liệu đế giày: Cao Su Cao Cấp Lót Trong: Da cừu, vải canvas Size: 36->44'),
	('Giày da unisex nam nữ The Hawk Chunky Loafer August chính hãng bảo hành 24 tháng',742500,1350000,'Chất liệu da: Da bò mộc Chất liệu đế giày: Cao Su Cao Cấp Lót Trong: Da cừu, vải canvas Size: 36->44'),
	('Chunky Derby Black August',742500,1350000,'Đế: Chunky 45 mm cao su đặc nguyên khối – Bề mặt: Da bò Nappa nhập khẩu – Lót trong: Da bò mịn'),
	('Chunky Derby Off-White August',742500,1350000,'Đế: Chunky 45 mm cao su đặc nguyên khối – Bề mặt: Da bò Nappa nhập khẩu – Lót trong: Da bò mịn'),
	('Penny Loafer with Chains đế Chunky CK03X',742500,1350000,'Đế: Chunky 45 mm cao su đặc nguyên khối – Bề mặt: Da bò Nappa nhập khẩu – Lót trong: Da bò mịn'),
	('The Juno Chunky Derby August',742500,1350000,'Đế: Chunky 45mm cao su đặc nguyên khối – Bề mặt: Da bò Nappa nhập khẩu – Lót trong: Da bò mịn'),
	('The Ironic Chunky Derby.',742500,1350000,'Đế: Cao su đặc đúc nguyên khối siêu đầm chân – Bề mặt da: Nappa nhập khẩu – Lót trong: Da bò mịn'),
	('Wingtip Brogue Off-white',770500,1150000,'Chất liệu da: Da bò Nappa Lót trong: Da cừu Đế: Cao su cao cấp, gót gỗ'),
	('Wingtip Brogue Black',770500,1150000,'Chất liệu da: Da bò Nappa Lót trong: Da cừu Đế: Cao su cao cấp, gót gỗ'),
	('AGPM1',770500,1150000,'Upper: Da bò tấm Nappa Sole: Cao su gót gỗ Midsole: Da cừu Độ cao gót: 3.5cm'),
	('Giày da unisex nam nữ The Focus Basic Chunky Penny Loafer August',904500,1350000,'Chất liệu da: Da bò mộc Chất liệu đế giày: Cao Su Cao Cấp Lót Trong: Da cừu, vải canvas Size: 36->44'),
	('Giày da bò nhập khẩu The Focus Off-White Chunky Loafer August',904500,1350000,'Chất liệu da: Da bò mộc Chất liệu đế giày: Cao Su Cao Cấp Lót Trong: Da cừu, vải canvas Size: 36->44'),
	('Giày da unisex nam nữ The Focus Black Chunky Loafer August chính hãng bảo hành 24 tháng',904500,1350000,'Chất liệu da: Da bò mộc Chất liệu đế giày: Cao Su Cao Cấp Lót Trong: Da cừu, vải canvas Size: 36->44'),
	('The Eros Chunky Penny Loafer',904500,1350000,'Đế: Cao su đặc đúc nguyên khối siêu đầm chân – Bề mặt da: Nappa nhập khẩu – Lót trong: Da bò mịn'),
	('Penny Loafer Black Leather',770500,1150000,'Chất liệu da: Da bò Nappa Lót trong: Da cừu Đế: Cao su cao cấp, gót gỗ'),
	('Penny Loafer Off-White',770500,1150000,'Chất liệu da: Da bò Nappa Lót trong: Da cừu Đế: Cao su cao cấp, gót gỗ');



INSERT INTO [categories] VALUES (N'Shoes Collection'),
	(N'The Focus Project'),
	(N'Boot'),
	(N'BST THE UPGRADE'),
	(N'Derby'),
	(N'Loafer');


INSERT INTO [products_categories] VALUES (1,N'The Focus Project'),
	(1,N'Boot'),
	(1,N'Shoes Collection'),
	(2,N'The Focus Project'),
	(2,N'Boot'),
	(2,N'Shoes Collection'),
	(3,N'Boot'),
	(4,N'Boot'),
	(4,N'Shoes Collection'),
	(5,N'Boot'),
	(5,N'Shoes Collection'),
	(6,N'BST THE UPGRADE'),
	(6,N'Boot'),
	(6,N'Shoes Collection'),
	(7,N'BST THE UPGRADE'),
	(7,N'Boot'),
	(7,N'Shoes Collection'),
	(8,N'BST THE UPGRADE'),
	(8,N'Boot'),
	(8,N'Shoes Collection'),
	(9,N'BST THE UPGRADE'),
	(9,N'Boot'),
	(9,N'Shoes Collection'),
	(10,N'BST THE UPGRADE'),
	(10,N'Boot'),
	(10,N'Shoes Collection'),
	(11,N'BST THE UPGRADE'),
	(11,N'Boot'),
	(11,N'Shoes Collection'),
	(12,N'BST THE UPGRADE'),
	(12,N'Boot'),
	(12,N'Shoes Collection'),
	(13,N'Boot'),
	(13,N'Shoes Collection'),
	(14,N'Boot'),
	(14,N'Shoes Collection'),
	(15,N'Boot'),
	(15,N'Shoes Collection'),
	(16,N'Boot'),
	(16,N'Shoes Collection'),
	(17,N'Boot'),
	(17,N'Shoes Collection'),
	(18,N'The Focus Project'),
	(18,N'Derby'),
	(18,N'Shoes Collection'),
	(19,N'The Focus Project'),
	(19,N'Derby'),
	(19,N'Shoes Collection'),
	(20,N'The Focus Project'),
	(20,N'Derby'),
	(20,N'Shoes Collection'),
	(21,N'Derby'),
	(21,N'Shoes Collection'),
	(22,N'Derby'),
	(22,N'Shoes Collection'),
	(23,N'Derby'),
	(23,N'Shoes Collection'),
	(24,N'Derby'),
	(24,N'Shoes Collection'),
	(25,N'Derby'),
	(25,N'Shoes Collection'),
	(26,N'Derby'),
	(26,N'Shoes Collection'),
	(27,N'Derby'),
	(27,N'Shoes Collection'),
	(28,N'Derby'),
	(28,N'Shoes Collection'),
	(29,N'The Focus Project'),
	(29,N'Loafer'),
	(29,N'Shoes Collection'),
	(30,N'The Focus Project'),
	(30,N'Loafer'),
	(30,N'Shoes Collection'),
	(31,N'The Focus Project'),
	(31,N'Shoes Collection'),
	(31,N'Loafer'),
	(32,N'Loafer'),
	(32,N'Shoes Collection'),
	(33,N'Loafer'),
	(33,N'Shoes Collection'),
	(34,N'Loafer'),
	(34,N'Shoes Collection');


INSERT INTO [size] VALUES (1,36,12),
	(1,37,86),
	(1,38,44),
	(1,39,78),
	(1,40,37),
	(1,41,31),
	(1,42,5),
	(1,43,60),
	(1,44,92),
	(2,36,38),
	(2,37,52),
	(2,38,6),
	(2,39,66),
	(2,40,89),
	(2,41,66),
	(2,42,32),
	(2,43,21),
	(2,44,89),
	(3,36,28),
	(3,37,10),
	(3,38,38),
	(3,39,79),
	(3,40,93),
	(3,41,31),
	(3,42,55),
	(3,43,14),
	(3,44,83),
	(4,36,23),
	(4,37,41),
	(4,38,37),
	(4,39,45),
	(4,40,95),
	(4,41,96),
	(4,42,96),
	(4,43,56),
	(4,44,68),
	(5,36,67),
	(5,37,29),
	(5,38,96),
	(5,39,42),
	(5,40,27),
	(5,41,44),
	(5,42,31),
	(5,43,7),
	(5,44,82),
	(6,36,66),
	(6,37,50),
	(6,38,91),
	(6,39,94),
	(6,40,46),
	(6,41,25),
	(6,42,46),
	(6,43,72),
	(6,44,97),
	(7,36,47),
	(7,37,56),
	(7,38,57),
	(7,39,87),
	(7,40,77),
	(7,41,60),
	(7,42,72),
	(7,43,93),
	(7,44,82),
	(8,36,62),
	(8,37,92),
	(8,38,18),
	(8,39,68),
	(8,40,88),
	(8,41,52),
	(8,42,91),
	(8,43,10),
	(8,44,0),
	(9,36,27),
	(9,37,15),
	(9,38,71),
	(9,39,71),
	(9,40,3),
	(9,41,11),
	(9,42,12),
	(9,43,65),
	(9,44,6),
	(10,36,53),
	(10,37,42),
	(10,38,89),
	(10,39,8),
	(10,40,45),
	(10,41,84),
	(10,42,97),
	(10,43,32),
	(10,44,0),
	(11,36,30),
	(11,37,47),
	(11,38,96),
	(11,39,87),
	(11,40,41),
	(11,41,76),
	(11,42,70),
	(11,43,92),
	(11,44,46),
	(12,36,47),
	(12,37,10),
	(12,38,65),
	(12,39,83),
	(12,40,64),
	(12,41,17),
	(12,42,72),
	(12,43,4),
	(12,44,70),
	(13,36,33),
	(13,37,46),
	(13,38,27),
	(13,39,7),
	(13,40,90),
	(13,41,2),
	(13,42,83),
	(13,43,64),
	(13,44,27),
	(14,36,85),
	(14,37,39),
	(14,38,82),
	(14,39,69),
	(14,40,16),
	(14,41,64),
	(14,42,63),
	(14,43,80),
	(14,44,51),
	(15,36,82),
	(15,37,29),
	(15,38,66),
	(15,39,68),
	(15,40,28),
	(15,41,78),
	(15,42,70),
	(15,43,67),
	(15,44,100),
	(16,36,31),
	(16,37,98),
	(16,38,6),
	(16,39,66),
	(16,40,49),
	(16,41,79),
	(16,42,83),
	(16,43,79),
	(16,44,58),
	(17,36,99),
	(17,37,81),
	(17,38,87),
	(17,39,95),
	(17,40,23),
	(17,41,34),
	(17,42,34),
	(17,43,98),
	(17,44,9),
	(18,36,99),
	(18,37,48),
	(18,38,15),
	(18,39,15),
	(18,40,5),
	(18,41,23),
	(18,42,60),
	(18,43,92),
	(18,44,97),
	(19,36,88),
	(19,37,88),
	(19,38,82),
	(19,39,71),
	(19,40,70),
	(19,41,30),
	(19,42,1),
	(19,43,11),
	(19,44,6),
	(20,36,82),
	(20,37,66),
	(20,38,82),
	(20,39,21),
	(20,40,73),
	(20,41,40),
	(20,42,44),
	(20,43,43),
	(20,44,86),
	(21,36,59),
	(21,37,67),
	(21,38,30),
	(21,39,36),
	(21,40,43),
	(21,41,62),
	(21,42,15),
	(21,43,14),
	(21,44,5),
	(22,36,90),
	(22,37,7),
	(22,38,51),
	(22,39,28),
	(22,40,29),
	(22,41,46),
	(22,42,47),
	(22,43,94),
	(22,44,50),
	(23,36,18),
	(23,37,23),
	(23,38,77),
	(23,39,67),
	(23,40,81),
	(23,41,4),
	(23,42,52),
	(23,43,76),
	(23,44,61),
	(24,36,47),
	(24,37,59),
	(24,38,98),
	(24,39,77),
	(24,40,56),
	(24,41,98),
	(24,42,43),
	(24,43,60),
	(24,44,13),
	(25,36,97),
	(25,37,65),
	(25,38,70),
	(25,39,50),
	(25,40,70),
	(25,41,51),
	(25,42,36),
	(25,43,9),
	(25,44,10),
	(26,36,78),
	(26,37,42),
	(26,38,76),
	(26,39,40),
	(26,40,14),
	(26,41,30),
	(26,42,100),
	(26,43,8),
	(26,44,87),
	(27,36,79),
	(27,37,33),
	(27,38,82),
	(27,39,60),
	(27,40,25),
	(27,41,81),
	(27,42,3),
	(27,43,47),
	(27,44,68),
	(28,36,88),
	(28,37,94),
	(28,38,94),
	(28,39,11),
	(28,40,52),
	(28,41,57),
	(28,42,55);
INSERT INTO [size] VALUES (28,43,28),
	(28,44,93),
	(29,36,67),
	(29,37,46),
	(29,38,2),
	(29,39,36),
	(29,40,84),
	(29,41,65),
	(29,42,64),
	(29,43,40),
	(29,44,68),
	(30,36,61),
	(30,37,4),
	(30,38,22),
	(30,39,96),
	(30,40,10),
	(30,41,83),
	(30,42,3),
	(30,43,6),
	(30,44,40),
	(31,36,52),
	(31,37,51),
	(31,38,86),
	(31,39,91),
	(31,40,3),
	(31,41,84),
	(31,42,16),
	(31,43,100),
	(31,44,94),
	(32,36,48),
	(32,37,73),
	(32,38,15),
	(32,39,0),
	(32,40,32),
	(32,41,77),
	(32,42,86),
	(32,43,5),
	(32,44,42),
	(33,36,53),
	(33,37,4),
	(33,38,66),
	(33,39,65),
	(33,40,28),
	(33,41,39),
	(33,42,5),
	(33,43,36),
	(33,44,86),
	(34,36,20),
	(34,37,74),
	(34,38,17),
	(34,39,45),
	(34,40,53),
	(34,41,89),
	(34,42,100),
	(34,43,75),
	(34,44,48);



INSERT INTO [products_image] VALUES (N'1 (1).jpg',1),
	(N'1 (2).jpg',1),
	(N'1 (3).jpg',1),
	(N'1 (4).jpg',1),
	(N'2 (1).jpg',2),
	(N'2 (2).jpg',2),
	(N'2 (3).jpg',2),
	(N'2 (4).jpg',2),
	(N'3 (1).png',3),
	(N'3 (2).png',3),
	(N'3 (3).png',3),
	(N'3 (4).png',3),
	(N'4 (1).png',4),
	(N'4 (2).png',4),
	(N'4 (3).png',4),
	(N'4 (4).png',4),
	(N'5 (1).jpg',5),
	(N'5 (2).jpg',5),
	(N'5 (3).jpg',5),
	(N'5 (4).jpg',5),
	(N'6 (1).png',6),
	(N'6 (2).png',6),
	(N'6 (3).png',6),
	(N'6 (4).png',6),
	(N'7 (1).png',7),
	(N'7 (2).png',7),
	(N'7 (3).png',7),
	(N'7 (4).png',7),
	(N'8 (1).png',8),
	(N'8 (2).png',8),
	(N'8 (3).png',8),
	(N'8 (4).png',8),
	(N'9 (1).jpg',9),
	(N'9 (2).png',9),
	(N'9 (3).png',9),
	(N'9 (4).png',9),
	(N'10 (1).jpg',10),
	(N'10 (2).png',10),
	(N'10 (3).png',10),
	(N'10 (4).png',10),
	(N'11 (1).jpg',11),
	(N'11 (2).png',11),
	(N'11 (3).png',11),
	(N'11 (4).png',11),
	(N'12 (1).jpg',12),
	(N'12 (2).png',12),
	(N'12 (3).png',12),
	(N'12 (4).png',12),
	(N'13 (1).png',13),
	(N'13 (2).png',13),
	(N'13 (3).png',13),
	(N'13 (4).png',13),
	(N'14 (1).png',14),
	(N'14 (2).png',14),
	(N'14 (3).png',14),
	(N'14 (4).png',14),
	(N'15 (1).png',15),
	(N'15 (2).png',15),
	(N'15 (3).png',15),
	(N'15 (4).png',15),
	(N'16 (1).png',16),
	(N'16 (2).png',16),
	(N'16 (3).png',16),
	(N'16 (4).png',16),
	(N'17 (1).png',17),
	(N'17 (2).png',17),
	(N'17 (3).png',17),
	(N'17 (4).png',17),
	(N'18 (1).jpg',18),
	(N'18 (2).jpg',18),
	(N'18 (3).jpg',18),
	(N'18 (4).jpg',18),
	(N'19 (1).jpg',19),
	(N'19 (2).jpg',19),
	(N'19 (3).jpg',19),
	(N'19 (4).jpg',19),
	(N'20 (1).jpg',20),
	(N'20 (2).jpg',20),
	(N'20 (3).jpg',20),
	(N'20 (4).jpg',20),
	(N'21 (1).jpg',21),
	(N'21 (2).jpg',21),
	(N'21 (3).jpg',21),
	(N'21 (4).jpg',21),
	(N'22 (1).jpg',22),
	(N'22 (2).jpg',22),
	(N'22 (3).jpg',22),
	(N'22 (4).jpg',22),
	(N'23 (1).jpg',23),
	(N'23 (2).jpg',23),
	(N'23 (3).jpg',23),
	(N'23 (4).jpg',23),
	(N'24 (1).jpg',24),
	(N'24 (2).jpg',24),
	(N'24 (3).jpg',24),
	(N'24 (4).jpg',24),
	(N'25 (1).png',25),
	(N'25 (2).png',25),
	(N'25 (3).png',25),
	(N'25 (4).png',25),
	(N'26 (1).jpg',26),
	(N'26 (2).jpg',26),
	(N'26 (3).jpg',26),
	(N'26 (4).jpg',26),
	(N'27 (1).jpg',27),
	(N'27 (2).jpg',27),
	(N'27 (3).jpg',27),
	(N'27 (4).jpg',27),
	(N'28 (1).jpg',28),
	(N'28 (2).jpg',28),
	(N'28 (3).jpg',28),
	(N'28 (4).jpg',28),
	(N'29 (1).jpg',29),
	(N'29 (2).jpg',29),
	(N'29 (3).jpg',29),
	(N'29 (4).jpg',29),
	(N'30 (1).jpg',30),
	(N'30 (2).jpg',30),
	(N'30 (3).jpg',30),
	(N'30 (4).jpg',30),
	(N'31 (1).jpg',31),
	(N'31 (2).jpg',31),
	(N'31 (3).jpg',31),
	(N'31 (4).jpg',31),
	(N'32 (1).png',32),
	(N'32 (2).png',32),
	(N'32 (3).png',32),
	(N'32 (4).png',32),
	(N'33 (1).jpg',33),
	(N'33 (2).jpg',33),
	(N'33 (3).jpg',33),
	(N'33 (4).jpg',33),
	(N'34 (1).jpg',34),
	(N'34 (2).jpg',34),
	(N'34 (3).jpg',34),
	(N'34 (4).jpg',34);


INSERT INTO [customers] VALUES
('john_doe', 'password123', 'John Doe', '1234567890', 'john.doe@email.com', 'Male', '1990-05-15', 'profile_pic1.jpg', 1),
('jane_smith', 'pass456', 'Jane Smith', '9876543210', 'jane.smith@email.com', 'Female', '1985-08-20', 'profile_pic2.jpg', 1),
('admin_user', 'adminpass', 'Admin User', '5551234567', 'admin.user@email.com', 'Male', '1980-12-10', 'admin_pic.jpg', 0),
('alice_green', 'alicepass', 'Alice Green', '1112223333', 'alice.green@email.com', 'Female', '1995-03-25', 'alice_pic.jpg', 1),
('bob_jones', 'bobpass', 'Bob Jones', '4445556666', 'bob.jones@email.com', 'Male', '1988-07-05', 'bob_pic.jpg', 1);


INSERT INTO [customerAddress] VALUES
(3, 'Xã Hưng Chính Thành Phố Vinh Nghệ An'),
(3, 'Nhà trọ Hoàng Quân Phú Hữu Tân Xã'),
(1, 'Đại học FPT'),
(4, 'Thanh Xuân Hà Nội'),
(5, 'Xã Hưng Mỹ Huyện Hưng Nguyên Nghệ An'),
(2, 'Xã Đại Đồng Huyện Thanh Chương Nghệ An');


INSERT INTO [reviews] VALUES
(1, 12, 4, '2024-01-15', 'Great product! Very satisfied with my purchase.'),
(2, 14, 5, '2024-01-16', 'Excellent quality. Would highly recommend.'),
(3, 1, 3, '2024-01-17', 'Average product. Could be better.'),
(4, 34, 4, '2024-01-18', 'Happy with the purchase. Good value for money.'),
(5, 23, 2, '2024-01-19', 'Disappointed. Product did not meet expectations.');
